{
    "install": "msg/install.txt",
    "1.7.1": "msg/1.7.1.txt",
    "1.7.2": "msg/1.7.2.txt",
    "1.7.5": "msg/1.7.5.txt",
    "1.7.7": "msg/1.7.7.txt",
    "1.8.0": "msg/1.8.0.txt",
    "1.9.0": "msg/1.9.0.txt",
    "1.9.1": "msg/1.9.1.txt",
    "1.9.5": "msg/1.9.5.txt",
    "1.9.7": "msg/1.9.7.txt",
    "1.9.8": "msg/1.9.8.txt",
    "1.9.9": "msg/1.9.8.txt",
    "1.9.10": "msg/1.9.8.txt",
    "1.9.11": "msg/1.9.8.txt",
    "1.10.0": "msg/1.10.0.txt",
    "1.10.1": "msg/1.10.0.txt",
    "1.10.2": "msg/1.10.0.txt",
    "1.11.0": "msg/1.11.0.txt",
    "1.11.1": "msg/1.11.0.txt",
    "1.11.2": "msg/1.11.0.txt",
    "1.11.3": "msg/1.11.0.txt",
    "1.11.4": "msg/1.11.0.txt",
    "1.11.5": "msg/1.11.0.txt",
    "1.11.6": "msg/1.11.0.txt",
    "1.11.7": "msg/1.11.0.txt"
}
